text,label,source
"ExplorePlusLoginBecome a SellerMoreCartFiltersCATEGORIESMobiles & AccessoriesMobilesMobile AccessoriesTablet AccessoriesPrice.......Minâ‚¹250â‚¹1000â‚¹2000â‚¹5000â‚¹10000toâ‚¹250â‚¹1000â‚¹2000â‚¹5000â‚¹10000â‚¹10000+?AvailabilityBrandAppleSpigenSAMSUNGFlipkart SmartBuyNillkinMy Thing!1331 MOREOffersBuy More, Save MoreSpecial PriceNo Cost EMICustomer Ratings4â˜… & above3â˜… & aboveGST Invoice AvailableDiscountHomeMobiles & AccessoriesShowing 1 â€“ 40 of 68,723 results for ""offers""Sort ByRelevancePopularityPrice -- Low to HighPrice -- High to LowNewest FirstOTOFLY make it possible' Camera Lens Protector for Ipho...Pack of 13.9(851)â‚¹220â‚¹1,18881% offBank OfferValimai Tempered Glass Guard for realme Pad 10.4 inchPack of 13.9(835)â‚¹258â‚¹99974% offBank OfferHSRPRO Back Cover for LOGO CUT IPHONE 13Green, Electroplated, Pack of: 13.9(1,791)â‚¹245â‚¹99975% offOnly few leftHSRPRO Back Cover for 6D LOGO VIEW ONEPLUS 9RWhite, Gold, Shock Proof, Pack of: 13.6(106)â‚¹229â‚¹99977% offOnly few leftHSRPRO Back Cover for Apple iPhone 14 PLUSBlue, Camera Bump Protector, Pack of: 13.6(58)â‚¹383â‚¹1,99980% offOnly few leftValimai Tempered Glass Guard for realme Pad 10.4 inchPack of 13.9(39)â‚¹238â‚¹99976% offBank OfferHSRPRO Back Cover for Electroplating VIVO Y75 4GGreen, Electroplated, Pack of: 14.6(7)â‚¹229â‚¹99977% offOnly few leftKARWAN Back Cover for APPLE iPhone 14 PlusTransparent, Shock Proof, Pack of: 13.9(533)â‚¹282â‚¹99971% offBank OfferKARWAN Back Cover for Samsung Galaxy A22 5GBlue, Shock Proof, Silicon, Pack of: 14.1(353)â‚¹249â‚¹99975% offOnly 1 leftKARWAN Back Cover for Samsung Galaxy A32White, Silicon, Pack of: 13.7(145)â‚¹257â‚¹99974% offBank OfferMersal Tempered Glass Guard for Lenovo Tab Plus 11.5 in...Pack of 14.1(183)â‚¹243â‚¹99975% offBank OfferMersal Edge To Edge Tempered Glass for APPLE iPad 9th G...Pack of 13.5(27)â‚¹258â‚¹99974% offBank OfferKARWAN Back Cover for APPLE iPhone 11 Pro MaxTransparent, Shock Proof, Pack of: 14.1(252)â‚¹282â‚¹99971% offBank OfferKARWAN Back Cover for Samsung Galaxy A52 5GGreen, Shock Proof, Silicon, Pack of: 13.9(324)â‚¹257â‚¹99974% offOnly 3 leftKARWAN Back Cover for Mi Redmi Note 8Blue, Shock Proof, Silicon, Pack of: 14.1(681)â‚¹268â‚¹99973% offOnly few leftRESOURIS Back Cover for realme 5, realme 5i, realme 5sPink, Gold, Cases with Holder, Pack of: 14.1(64)â‚¹367â‚¹2,49985% offOnly 3 leftMersal Tempered Glass Guard for realme Pad 2 Lite 11.0 ...Pack of 14.3(9)â‚¹241â‚¹99975% offBank OfferRESOURIS Back Cover for vivo V40e 5G, vivo V40ePink, Gold, Cases with Holder, Silicon, Pack of: 14.5(8)â‚¹378â‚¹2,49984% offOnly few leftRESOURIS Back Cover for Vivo Y16, Vivo T2X 5G, vivo Y56...Blue, Gold, Cases with Holder, Pack of: 14.1(63)â‚¹367â‚¹2,49985% offBank OfferRESOURIS Back Cover for SAMSUNG Galaxy A16 5GBlue, Gold, Cases with Holder, Silicon, Pack of: 14.7(13)â‚¹367â‚¹2,49985% offOnly few leftRESOURIS Back Cover for vivo Y39, vivo Y39 5GBlue, Gold, Cases with Holder, Pack of: 14.5(6)â‚¹367â‚¹99963% offOnly few leftCOVER CAPITAL Edge To Edge Tempered Glass for Redmi Not...Pack of 1â‚¹300â‚¹99969% offOnly few leftRESOURIS Back Cover for vivo V40 5GBlue, Gold, Cases with Holder, Pack of: 14.3(6)â‚¹373â‚¹2,49985% offOnly few leftRESOURIS Back Cover for OnePlus 10R 5G, OnePlus 10RPink, Gold, Cases with Holder, Pack of: 14(3)â‚¹367â‚¹2,49985% offOnly few leftBai and kaka Edge To Edge Tempered Glass for Samsung Ga...Pack of 1â‚¹470â‚¹99952% offOnly few leftRESOURIS Back Cover for vivo V50 5G, vivo V50e 5GBlue, Gold, Cases with Holder, Pack of: 1â‚¹372â‚¹99962% offOnly few leftRESOURIS Back Cover for SAMSUNG Galaxy S24 FE 5G, SAMSU...White, Magsafe, Pack of: 1â‚¹376â‚¹99962% offBank OfferRESOURIS Back Cover for REDMI Note 12 Pro+ 5GBlack, Puffer, Silicon, Pack of: 1â‚¹277â‚¹99972% offOnly few leftRESOURIS Back Cover for OPPO F29 Pro, OPPO F29 Pro 5GGreen, Gold, Cases with Holder, Pack of: 1â‚¹367â‚¹99963% offOnly few leftRESOURIS Back Cover for vivo Y58 5G, vivo Y58, vivo T3X...Black, Puffer, Silicon, Pack of: 1â‚¹277â‚¹99972% offOnly few leftRESOURIS Back Cover for realme 8, realme 8 4GBlack, Puffer, Silicon, Pack of: 1â‚¹277â‚¹99972% offOnly few leftvmt stock Tempered Glass Guard for Iphone 15 Tempered G...Pack of 1â‚¹188â‚¹49962% offOnly few leftSARVIN Wall Charger Accessory Combo for LG G8s ThinQWhiteâ‚¹428â‚¹66735% offOnly few leftCASE CREATION Tempered Glass Guard for 7G, Apple iPhone...Pack of 1â‚¹299â‚¹99970% offOnly few leftCASE CREATION Tempered Glass Guard for Apple Iphone 8+Pack of 1â‚¹299â‚¹99970% offOnly few leftCASE CREATION Tempered Glass Guard for Apple iPhone 5, ...Pack of 1â‚¹299â‚¹99970% offOnly few leftCASE CREATION Tempered Glass Guard for Apple iPhone 7+ ...Pack of 1â‚¹299â‚¹99970% offOnly few leftCASE CREATION Tempered Glass Guard for Oppo A5 2020 202...Pack of 1â‚¹299â‚¹59950% offOnly few leftBOMGUARD Front and Back Screen Guard for VIVO Y300 5G W...Pack of 33.7(435)â‚¹179â‚¹89980% offBank OfferSulania 4-in-1 Cable 1 m 5Amp Alloy Charging Cable Fast...Compatible with USB A to lightning,USB C to Lightning , C to C , USB A to C 480 Mbps Speed, Black, Yellow, One Cable4.3(4)â‚¹181â‚¹1,09983% offOnly few leftPage 1 of 1,71912345678910NextDid you find what you were looking for?YesNoReviews for Popular Mobiles & Accessories1. RESOURIS Back Cover for viv...4.56 Ratings&1 Reviewsâ‚¹36763% offSuitable For: MobileMaterial: PolycarbonateTheme: No ThemeMost Helpful Review4Value-for-moneyGoodRead full reviewBishnu PrasadCertified Buyer1 month agoRecent Review4Value-for-moneyGoodRead full reviewBishnu PrasadCertified Buyer1 month ago2. HSRPRO Back Cover for Apple...3.658 Ratings&2 Reviewsâ‚¹38380% offSuitable For: MobileMaterial: PolycarbonateTheme: No ThemeMost Helpful Review5Best in the market!Excellent nice qualityRead full reviewBammidi DhileepCertified BuyerDec, 2023Recent Review5Best in the market!Excellent nice qualityRead full reviewBammidi DhileepCertified BuyerDec, 20233. KARWAN Back Cover for Samsu...4.1353 Ratings&24 Reviewsâ‚¹24975% offSuitable For: MobileMaterial: SiliconTheme: No ThemeMost Helpful Review3Just okayThe quality of the cover is very poor.Back cover rate is very high.Read full reviewVIVEK  BHARTICertified BuyerFeb, 2023Recent Review5Perfect product!Super color with black and gold edges ðŸ‘ŒRead full reviewRadha KrishnanCertified Buyer2 months ago4. OTOFLY make it possible' Ca...3.9851 Ratings&31 Reviewsâ‚¹22081% offAir-bubble Proof, Anti Bacterial, Anti Fingerprint, Anti Glare, Anti Reflection, Scratch ResistantMobileCamera Lens ProtectorMost Helpful Review1Useless productWaste product , prone to scratchesRead full reviewdhivaghar rgCertified Buyer4 days agoRecent Review1Useless productWaste product , prone to scratchesRead full reviewdhivaghar rgCertified Buyer4 days ago5. HSRPRO Back Cover for LOGO ...3.91,791 Ratings&125 Reviewsâ‚¹24575% offSuitable For: MobileMaterial: PolycarbonateTheme: No ThemeMost Helpful Review4Good choiceLittle, slight loose and feels delicate while holding the iPhone. Its nor hard solid polycarbonate plastic, but a soft and flexible one. The protecting glass...Read full reviewDicky MohantyCertified BuyerNov, 2022Recent Review5TerrificSuper quality excellent colour..Read full reviewChintan PatidarCertified Buyer8 months agoABOUTContact UsAbout UsCareersFlipkart StoriesPressCorporate InformationGROUP COMPANIESMyntraCleartripShopsyHELPPaymentsShippingCancellation & ReturnsFAQCONSUMER POLICYCancellation & ReturnsTerms Of UseSecurityPrivacySitemapGrievance RedressalEPR ComplianceMail Us:Flipkart Internet Private Limited,Buildings Alyssa, Begonia &Clove Embassy Tech Village,Outer Ring Road, Devarabeesanahalli Village,Bengaluru, 560103,Karnataka, IndiaSocialRegistered Office Address:Flipkart Internet Private Limited,Buildings Alyssa, Begonia &Clove Embassy Tech Village,Outer Ring Road, Devarabeesanahalli Village,Bengaluru, 560103,Karnataka, IndiaCIN : U51109KA2012PTC066107Telephone:044-45614700/044-67415800Become a SellerAdvertiseGift CardsHelp CenterÂ© 2007-2025Flipkart.comBack to top",Promotion,Unknown
"ExplorePlusLoginBecome a SellerMoreCartFiltersCATEGORIESMobiles & AccessoriesMobilesMobile AccessoriesTablet AccessoriesPrice.......Minâ‚¹250â‚¹1000â‚¹2000â‚¹5000â‚¹10000toâ‚¹250â‚¹1000â‚¹2000â‚¹5000â‚¹10000â‚¹10000+?AvailabilityBrandAppleSpigenSAMSUNGFlipkart SmartBuyNillkinMy Thing!1331 MOREOffersBuy More, Save MoreSpecial PriceNo Cost EMICustomer Ratings4â˜… & above3â˜… & aboveGST Invoice AvailableDiscountHomeMobiles & AccessoriesShowing 1 â€“ 40 of 68,723 results for ""offers""Sort ByRelevancePopularityPrice -- Low to HighPrice -- High to LowNewest FirstOTOFLY make it possible' Camera Lens Protector for Ipho...Pack of 13.9(851)â‚¹220â‚¹1,18881% offBank OfferValimai Tempered Glass Guard for realme Pad 10.4 inchPack of 13.9(835)â‚¹258â‚¹99974% offBank OfferHSRPRO Back Cover for LOGO CUT IPHONE 13Green, Electroplated, Pack of: 13.9(1,791)â‚¹245â‚¹99975% offOnly few leftHSRPRO Back Cover for 6D LOGO VIEW ONEPLUS 9RWhite, Gold, Shock Proof, Pack of: 13.6(106)â‚¹229â‚¹99977% offOnly few leftHSRPRO Back Cover for Apple iPhone 14 PLUSBlue, Camera Bump Protector, Pack of: 13.6(58)â‚¹383â‚¹1,99980% offOnly few leftValimai Tempered Glass Guard for realme Pad 10.4 inchPack of 13.9(39)â‚¹238â‚¹99976% offBank OfferHSRPRO Back Cover for Electroplating VIVO Y75 4GGreen, Electroplated, Pack of: 14.6(7)â‚¹229â‚¹99977% offOnly few leftKARWAN Back Cover for APPLE iPhone 14 PlusTransparent, Shock Proof, Pack of: 13.9(533)â‚¹282â‚¹99971% offBank OfferKARWAN Back Cover for Samsung Galaxy A22 5GBlue, Shock Proof, Silicon, Pack of: 14.1(353)â‚¹249â‚¹99975% offOnly 1 leftKARWAN Back Cover for Samsung Galaxy A32White, Silicon, Pack of: 13.7(145)â‚¹257â‚¹99974% offBank OfferMersal Tempered Glass Guard for Lenovo Tab Plus 11.5 in...Pack of 14.1(183)â‚¹243â‚¹99975% offBank OfferMersal Edge To Edge Tempered Glass for APPLE iPad 9th G...Pack of 13.5(27)â‚¹258â‚¹99974% offBank OfferKARWAN Back Cover for APPLE iPhone 11 Pro MaxTransparent, Shock Proof, Pack of: 14.1(252)â‚¹282â‚¹99971% offBank OfferKARWAN Back Cover for Samsung Galaxy A52 5GGreen, Shock Proof, Silicon, Pack of: 13.9(324)â‚¹257â‚¹99974% offOnly 3 leftKARWAN Back Cover for Mi Redmi Note 8Blue, Shock Proof, Silicon, Pack of: 14.1(681)â‚¹268â‚¹99973% offOnly few leftRESOURIS Back Cover for realme 5, realme 5i, realme 5sPink, Gold, Cases with Holder, Pack of: 14.1(64)â‚¹367â‚¹2,49985% offOnly 3 leftMersal Tempered Glass Guard for realme Pad 2 Lite 11.0 ...Pack of 14.3(9)â‚¹241â‚¹99975% offBank OfferRESOURIS Back Cover for vivo V40e 5G, vivo V40ePink, Gold, Cases with Holder, Silicon, Pack of: 14.5(8)â‚¹378â‚¹2,49984% offOnly few leftRESOURIS Back Cover for Vivo Y16, Vivo T2X 5G, vivo Y56...Blue, Gold, Cases with Holder, Pack of: 14.1(63)â‚¹367â‚¹2,49985% offBank OfferRESOURIS Back Cover for SAMSUNG Galaxy A16 5GBlue, Gold, Cases with Holder, Silicon, Pack of: 14.7(13)â‚¹367â‚¹2,49985% offOnly few leftRESOURIS Back Cover for vivo Y39, vivo Y39 5GBlue, Gold, Cases with Holder, Pack of: 14.5(6)â‚¹367â‚¹99963% offOnly few leftCOVER CAPITAL Edge To Edge Tempered Glass for Redmi Not...Pack of 1â‚¹300â‚¹99969% offOnly few leftRESOURIS Back Cover for vivo V40 5GBlue, Gold, Cases with Holder, Pack of: 14.3(6)â‚¹373â‚¹2,49985% offOnly few leftRESOURIS Back Cover for OnePlus 10R 5G, OnePlus 10RPink, Gold, Cases with Holder, Pack of: 14(3)â‚¹367â‚¹2,49985% offOnly few leftBai and kaka Edge To Edge Tempered Glass for Samsung Ga...Pack of 1â‚¹470â‚¹99952% offOnly few leftRESOURIS Back Cover for vivo V50 5G, vivo V50e 5GBlue, Gold, Cases with Holder, Pack of: 1â‚¹372â‚¹99962% offOnly few leftRESOURIS Back Cover for SAMSUNG Galaxy S24 FE 5G, SAMSU...White, Magsafe, Pack of: 1â‚¹376â‚¹99962% offBank OfferRESOURIS Back Cover for REDMI Note 12 Pro+ 5GBlack, Puffer, Silicon, Pack of: 1â‚¹277â‚¹99972% offOnly few leftRESOURIS Back Cover for OPPO F29 Pro, OPPO F29 Pro 5GGreen, Gold, Cases with Holder, Pack of: 1â‚¹367â‚¹99963% offOnly few leftRESOURIS Back Cover for vivo Y58 5G, vivo Y58, vivo T3X...Black, Puffer, Silicon, Pack of: 1â‚¹277â‚¹99972% offOnly few leftRESOURIS Back Cover for realme 8, realme 8 4GBlack, Puffer, Silicon, Pack of: 1â‚¹277â‚¹99972% offOnly few leftvmt stock Tempered Glass Guard for Iphone 15 Tempered G...Pack of 1â‚¹188â‚¹49962% offOnly few leftSARVIN Wall Charger Accessory Combo for LG G8s ThinQWhiteâ‚¹428â‚¹66735% offOnly few leftCASE CREATION Tempered Glass Guard for 7G, Apple iPhone...Pack of 1â‚¹299â‚¹99970% offOnly few leftCASE CREATION Tempered Glass Guard for Apple Iphone 8+Pack of 1â‚¹299â‚¹99970% offOnly few leftCASE CREATION Tempered Glass Guard for Apple iPhone 5, ...Pack of 1â‚¹299â‚¹99970% offOnly few leftCASE CREATION Tempered Glass Guard for Apple iPhone 7+ ...Pack of 1â‚¹299â‚¹99970% offOnly few leftCASE CREATION Tempered Glass Guard for Oppo A5 2020 202...Pack of 1â‚¹299â‚¹59950% offOnly few leftBOMGUARD Front and Back Screen Guard for VIVO Y300 5G W...Pack of 33.7(435)â‚¹179â‚¹89980% offBank OfferSulania 4-in-1 Cable 1 m 5Amp Alloy Charging Cable Fast...Compatible with USB A to lightning,USB C to Lightning , C to C , USB A to C 480 Mbps Speed, Black, Yellow, One Cable4.3(4)â‚¹181â‚¹1,09983% offOnly few leftPage 1 of 1,71912345678910NextDid you find what you were looking for?YesNoReviews for Popular Mobiles & Accessories1. RESOURIS Back Cover for viv...4.56 Ratings&1 Reviewsâ‚¹36763% offSuitable For: MobileMaterial: PolycarbonateTheme: No ThemeMost Helpful Review4Value-for-moneyGoodRead full reviewBishnu PrasadCertified Buyer1 month agoRecent Review4Value-for-moneyGoodRead full reviewBishnu PrasadCertified Buyer1 month ago2. HSRPRO Back Cover for Apple...3.658 Ratings&2 Reviewsâ‚¹38380% offSuitable For: MobileMaterial: PolycarbonateTheme: No ThemeMost Helpful Review5Best in the market!Excellent nice qualityRead full reviewBammidi DhileepCertified BuyerDec, 2023Recent Review5Best in the market!Excellent nice qualityRead full reviewBammidi DhileepCertified BuyerDec, 20233. KARWAN Back Cover for Samsu...4.1353 Ratings&24 Reviewsâ‚¹24975% offSuitable For: MobileMaterial: SiliconTheme: No ThemeMost Helpful Review3Just okayThe quality of the cover is very poor.Back cover rate is very high.Read full reviewVIVEK  BHARTICertified BuyerFeb, 2023Recent Review5Perfect product!Super color with black and gold edges ðŸ‘ŒRead full reviewRadha KrishnanCertified Buyer2 months ago4. OTOFLY make it possible' Ca...3.9851 Ratings&31 Reviewsâ‚¹22081% offAir-bubble Proof, Anti Bacterial, Anti Fingerprint, Anti Glare, Anti Reflection, Scratch ResistantMobileCamera Lens ProtectorMost Helpful Review1Useless productWaste product , prone to scratchesRead full reviewdhivaghar rgCertified Buyer4 days agoRecent Review1Useless productWaste product , prone to scratchesRead full reviewdhivaghar rgCertified Buyer4 days ago5. HSRPRO Back Cover for LOGO ...3.91,791 Ratings&125 Reviewsâ‚¹24575% offSuitable For: MobileMaterial: PolycarbonateTheme: No ThemeMost Helpful Review4Good choiceLittle, slight loose and feels delicate while holding the iPhone. Its nor hard solid polycarbonate plastic, but a soft and flexible one. The protecting glass...Read full reviewDicky MohantyCertified BuyerNov, 2022Recent Review5TerrificSuper quality excellent colour..Read full reviewChintan PatidarCertified Buyer8 months agoABOUTContact UsAbout UsCareersFlipkart StoriesPressCorporate InformationGROUP COMPANIESMyntraCleartripShopsyHELPPaymentsShippingCancellation & ReturnsFAQCONSUMER POLICYCancellation & ReturnsTerms Of UseSecurityPrivacySitemapGrievance RedressalEPR ComplianceMail Us:Flipkart Internet Private Limited,Buildings Alyssa, Begonia &Clove Embassy Tech Village,Outer Ring Road, Devarabeesanahalli Village,Bengaluru, 560103,Karnataka, IndiaSocialRegistered Office Address:Flipkart Internet Private Limited,Buildings Alyssa, Begonia &Clove Embassy Tech Village,Outer Ring Road, Devarabeesanahalli Village,Bengaluru, 560103,Karnataka, IndiaCIN : U51109KA2012PTC066107Telephone:044-45614700/044-67415800Become a SellerAdvertiseGift CardsHelp CenterÂ© 2007-2025Flipkart.comBack to top",Promotion,Unknown
"FiltersCATEGORIESMobiles & AccessoriesMobilesMobile AccessoriesTablet AccessoriesPrice.......Minâ‚¹250â‚¹1000â‚¹2000â‚¹5000â‚¹10000toâ‚¹250â‚¹1000â‚¹2000â‚¹5000â‚¹10000â‚¹10000+?AvailabilityBrandAppleSpigenSAMSUNGFlipkart SmartBuyNillkinMy Thing!1331 MOREOffersBuy More, Save MoreSpecial PriceNo Cost EMICustomer Ratings4â˜… & above3â˜… & aboveGST Invoice AvailableDiscountHomeMobiles & AccessoriesShowing 1 â€“ 40 of 68,723 results for ""offers""Sort ByRelevancePopularityPrice -- Low to HighPrice -- High to LowNewest FirstOTOFLY make it possible' Camera Lens Protector for Ipho...Pack of 13.9(851)â‚¹220â‚¹1,18881% offBank OfferValimai Tempered Glass Guard for realme Pad 10.4 inchPack of 13.9(835)â‚¹258â‚¹99974% offBank OfferHSRPRO Back Cover for LOGO CUT IPHONE 13Green, Electroplated, Pack of: 13.9(1,791)â‚¹245â‚¹99975% offOnly few leftHSRPRO Back Cover for 6D LOGO VIEW ONEPLUS 9RWhite, Gold, Shock Proof, Pack of: 13.6(106)â‚¹229â‚¹99977% offOnly few leftHSRPRO Back Cover for Apple iPhone 14 PLUSBlue, Camera Bump Protector, Pack of: 13.6(58)â‚¹383â‚¹1,99980% offOnly few leftValimai Tempered Glass Guard for realme Pad 10.4 inchPack of 13.9(39)â‚¹238â‚¹99976% offBank OfferHSRPRO Back Cover for Electroplating VIVO Y75 4GGreen, Electroplated, Pack of: 14.6(7)â‚¹229â‚¹99977% offOnly few leftKARWAN Back Cover for APPLE iPhone 14 PlusTransparent, Shock Proof, Pack of: 13.9(533)â‚¹282â‚¹99971% offBank OfferKARWAN Back Cover for Samsung Galaxy A22 5GBlue, Shock Proof, Silicon, Pack of: 14.1(353)â‚¹249â‚¹99975% offOnly 1 leftKARWAN Back Cover for Samsung Galaxy A32White, Silicon, Pack of: 13.7(145)â‚¹257â‚¹99974% offBank OfferMersal Tempered Glass Guard for Lenovo Tab Plus 11.5 in...Pack of 14.1(183)â‚¹243â‚¹99975% offBank OfferMersal Edge To Edge Tempered Glass for APPLE iPad 9th G...Pack of 13.5(27)â‚¹258â‚¹99974% offBank OfferKARWAN Back Cover for APPLE iPhone 11 Pro MaxTransparent, Shock Proof, Pack of: 14.1(252)â‚¹282â‚¹99971% offBank OfferKARWAN Back Cover for Samsung Galaxy A52 5GGreen, Shock Proof, Silicon, Pack of: 13.9(324)â‚¹257â‚¹99974% offOnly 3 leftKARWAN Back Cover for Mi Redmi Note 8Blue, Shock Proof, Silicon, Pack of: 14.1(681)â‚¹268â‚¹99973% offOnly few leftRESOURIS Back Cover for realme 5, realme 5i, realme 5sPink, Gold, Cases with Holder, Pack of: 14.1(64)â‚¹367â‚¹2,49985% offOnly 3 leftMersal Tempered Glass Guard for realme Pad 2 Lite 11.0 ...Pack of 14.3(9)â‚¹241â‚¹99975% offBank OfferRESOURIS Back Cover for vivo V40e 5G, vivo V40ePink, Gold, Cases with Holder, Silicon, Pack of: 14.5(8)â‚¹378â‚¹2,49984% offOnly few leftRESOURIS Back Cover for Vivo Y16, Vivo T2X 5G, vivo Y56...Blue, Gold, Cases with Holder, Pack of: 14.1(63)â‚¹367â‚¹2,49985% offBank OfferRESOURIS Back Cover for SAMSUNG Galaxy A16 5GBlue, Gold, Cases with Holder, Silicon, Pack of: 14.7(13)â‚¹367â‚¹2,49985% offOnly few leftRESOURIS Back Cover for vivo Y39, vivo Y39 5GBlue, Gold, Cases with Holder, Pack of: 14.5(6)â‚¹367â‚¹99963% offOnly few leftCOVER CAPITAL Edge To Edge Tempered Glass for Redmi Not...Pack of 1â‚¹300â‚¹99969% offOnly few leftRESOURIS Back Cover for vivo V40 5GBlue, Gold, Cases with Holder, Pack of: 14.3(6)â‚¹373â‚¹2,49985% offOnly few leftRESOURIS Back Cover for OnePlus 10R 5G, OnePlus 10RPink, Gold, Cases with Holder, Pack of: 14(3)â‚¹367â‚¹2,49985% offOnly few leftBai and kaka Edge To Edge Tempered Glass for Samsung Ga...Pack of 1â‚¹470â‚¹99952% offOnly few leftRESOURIS Back Cover for vivo V50 5G, vivo V50e 5GBlue, Gold, Cases with Holder, Pack of: 1â‚¹372â‚¹99962% offOnly few leftRESOURIS Back Cover for SAMSUNG Galaxy S24 FE 5G, SAMSU...White, Magsafe, Pack of: 1â‚¹376â‚¹99962% offBank OfferRESOURIS Back Cover for REDMI Note 12 Pro+ 5GBlack, Puffer, Silicon, Pack of: 1â‚¹277â‚¹99972% offOnly few leftRESOURIS Back Cover for OPPO F29 Pro, OPPO F29 Pro 5GGreen, Gold, Cases with Holder, Pack of: 1â‚¹367â‚¹99963% offOnly few leftRESOURIS Back Cover for vivo Y58 5G, vivo Y58, vivo T3X...Black, Puffer, Silicon, Pack of: 1â‚¹277â‚¹99972% offOnly few leftRESOURIS Back Cover for realme 8, realme 8 4GBlack, Puffer, Silicon, Pack of: 1â‚¹277â‚¹99972% offOnly few leftvmt stock Tempered Glass Guard for Iphone 15 Tempered G...Pack of 1â‚¹188â‚¹49962% offOnly few leftSARVIN Wall Charger Accessory Combo for LG G8s ThinQWhiteâ‚¹428â‚¹66735% offOnly few leftCASE CREATION Tempered Glass Guard for 7G, Apple iPhone...Pack of 1â‚¹299â‚¹99970% offOnly few leftCASE CREATION Tempered Glass Guard for Apple Iphone 8+Pack of 1â‚¹299â‚¹99970% offOnly few leftCASE CREATION Tempered Glass Guard for Apple iPhone 5, ...Pack of 1â‚¹299â‚¹99970% offOnly few leftCASE CREATION Tempered Glass Guard for Apple iPhone 7+ ...Pack of 1â‚¹299â‚¹99970% offOnly few leftCASE CREATION Tempered Glass Guard for Oppo A5 2020 202...Pack of 1â‚¹299â‚¹59950% offOnly few leftBOMGUARD Front and Back Screen Guard for VIVO Y300 5G W...Pack of 33.7(435)â‚¹179â‚¹89980% offBank OfferSulania 4-in-1 Cable 1 m 5Amp Alloy Charging Cable Fast...Compatible with USB A to lightning,USB C to Lightning , C to C , USB A to C 480 Mbps Speed, Black, Yellow, One Cable4.3(4)â‚¹181â‚¹1,09983% offOnly few leftPage 1 of 1,71912345678910NextDid you find what you were looking for?YesNoReviews for Popular Mobiles & Accessories1. RESOURIS Back Cover for viv...4.56 Ratings&1 Reviewsâ‚¹36763% offSuitable For: MobileMaterial: PolycarbonateTheme: No ThemeMost Helpful Review4Value-for-moneyGoodRead full reviewBishnu PrasadCertified Buyer1 month agoRecent Review4Value-for-moneyGoodRead full reviewBishnu PrasadCertified Buyer1 month ago2. HSRPRO Back Cover for Apple...3.658 Ratings&2 Reviewsâ‚¹38380% offSuitable For: MobileMaterial: PolycarbonateTheme: No ThemeMost Helpful Review5Best in the market!Excellent nice qualityRead full reviewBammidi DhileepCertified BuyerDec, 2023Recent Review5Best in the market!Excellent nice qualityRead full reviewBammidi DhileepCertified BuyerDec, 20233. KARWAN Back Cover for Samsu...4.1353 Ratings&24 Reviewsâ‚¹24975% offSuitable For: MobileMaterial: SiliconTheme: No ThemeMost Helpful Review3Just okayThe quality of the cover is very poor.Back cover rate is very high.Read full reviewVIVEK  BHARTICertified BuyerFeb, 2023Recent Review5Perfect product!Super color with black and gold edges ðŸ‘ŒRead full reviewRadha KrishnanCertified Buyer2 months ago4. OTOFLY make it possible' Ca...3.9851 Ratings&31 Reviewsâ‚¹22081% offAir-bubble Proof, Anti Bacterial, Anti Fingerprint, Anti Glare, Anti Reflection, Scratch ResistantMobileCamera Lens ProtectorMost Helpful Review1Useless productWaste product , prone to scratchesRead full reviewdhivaghar rgCertified Buyer4 days agoRecent Review1Useless productWaste product , prone to scratchesRead full reviewdhivaghar rgCertified Buyer4 days ago5. HSRPRO Back Cover for LOGO ...3.91,791 Ratings&125 Reviewsâ‚¹24575% offSuitable For: MobileMaterial: PolycarbonateTheme: No ThemeMost Helpful Review4Good choiceLittle, slight loose and feels delicate while holding the iPhone. Its nor hard solid polycarbonate plastic, but a soft and flexible one. The protecting glass...Read full reviewDicky MohantyCertified BuyerNov, 2022Recent Review5TerrificSuper quality excellent colour..Read full reviewChintan PatidarCertified Buyer8 months ago",Promotion,Unknown
"FiltersCATEGORIESMobiles & AccessoriesMobilesMobile AccessoriesTablet AccessoriesPrice.......Minâ‚¹250â‚¹1000â‚¹2000â‚¹5000â‚¹10000toâ‚¹250â‚¹1000â‚¹2000â‚¹5000â‚¹10000â‚¹10000+?AvailabilityBrandAppleSpigenSAMSUNGFlipkart SmartBuyNillkinMy Thing!1331 MOREOffersBuy More, Save MoreSpecial PriceNo Cost EMICustomer Ratings4â˜… & above3â˜… & aboveGST Invoice AvailableDiscountHomeMobiles & AccessoriesShowing 1 â€“ 40 of 68,723 results for ""offers""Sort ByRelevancePopularityPrice -- Low to HighPrice -- High to LowNewest FirstOTOFLY make it possible' Camera Lens Protector for Ipho...Pack of 13.9(851)â‚¹220â‚¹1,18881% offBank OfferValimai Tempered Glass Guard for realme Pad 10.4 inchPack of 13.9(835)â‚¹258â‚¹99974% offBank OfferHSRPRO Back Cover for LOGO CUT IPHONE 13Green, Electroplated, Pack of: 13.9(1,791)â‚¹245â‚¹99975% offOnly few leftHSRPRO Back Cover for 6D LOGO VIEW ONEPLUS 9RWhite, Gold, Shock Proof, Pack of: 13.6(106)â‚¹229â‚¹99977% offOnly few leftHSRPRO Back Cover for Apple iPhone 14 PLUSBlue, Camera Bump Protector, Pack of: 13.6(58)â‚¹383â‚¹1,99980% offOnly few leftValimai Tempered Glass Guard for realme Pad 10.4 inchPack of 13.9(39)â‚¹238â‚¹99976% offBank OfferHSRPRO Back Cover for Electroplating VIVO Y75 4GGreen, Electroplated, Pack of: 14.6(7)â‚¹229â‚¹99977% offOnly few leftKARWAN Back Cover for APPLE iPhone 14 PlusTransparent, Shock Proof, Pack of: 13.9(533)â‚¹282â‚¹99971% offBank OfferKARWAN Back Cover for Samsung Galaxy A22 5GBlue, Shock Proof, Silicon, Pack of: 14.1(353)â‚¹249â‚¹99975% offOnly 1 leftKARWAN Back Cover for Samsung Galaxy A32White, Silicon, Pack of: 13.7(145)â‚¹257â‚¹99974% offBank OfferMersal Tempered Glass Guard for Lenovo Tab Plus 11.5 in...Pack of 14.1(183)â‚¹243â‚¹99975% offBank OfferMersal Edge To Edge Tempered Glass for APPLE iPad 9th G...Pack of 13.5(27)â‚¹258â‚¹99974% offBank OfferKARWAN Back Cover for APPLE iPhone 11 Pro MaxTransparent, Shock Proof, Pack of: 14.1(252)â‚¹282â‚¹99971% offBank OfferKARWAN Back Cover for Samsung Galaxy A52 5GGreen, Shock Proof, Silicon, Pack of: 13.9(324)â‚¹257â‚¹99974% offOnly 3 leftKARWAN Back Cover for Mi Redmi Note 8Blue, Shock Proof, Silicon, Pack of: 14.1(681)â‚¹268â‚¹99973% offOnly few leftRESOURIS Back Cover for realme 5, realme 5i, realme 5sPink, Gold, Cases with Holder, Pack of: 14.1(64)â‚¹367â‚¹2,49985% offOnly 3 leftMersal Tempered Glass Guard for realme Pad 2 Lite 11.0 ...Pack of 14.3(9)â‚¹241â‚¹99975% offBank OfferRESOURIS Back Cover for vivo V40e 5G, vivo V40ePink, Gold, Cases with Holder, Silicon, Pack of: 14.5(8)â‚¹378â‚¹2,49984% offOnly few leftRESOURIS Back Cover for Vivo Y16, Vivo T2X 5G, vivo Y56...Blue, Gold, Cases with Holder, Pack of: 14.1(63)â‚¹367â‚¹2,49985% offBank OfferRESOURIS Back Cover for SAMSUNG Galaxy A16 5GBlue, Gold, Cases with Holder, Silicon, Pack of: 14.7(13)â‚¹367â‚¹2,49985% offOnly few leftRESOURIS Back Cover for vivo Y39, vivo Y39 5GBlue, Gold, Cases with Holder, Pack of: 14.5(6)â‚¹367â‚¹99963% offOnly few leftCOVER CAPITAL Edge To Edge Tempered Glass for Redmi Not...Pack of 1â‚¹300â‚¹99969% offOnly few leftRESOURIS Back Cover for vivo V40 5GBlue, Gold, Cases with Holder, Pack of: 14.3(6)â‚¹373â‚¹2,49985% offOnly few leftRESOURIS Back Cover for OnePlus 10R 5G, OnePlus 10RPink, Gold, Cases with Holder, Pack of: 14(3)â‚¹367â‚¹2,49985% offOnly few leftBai and kaka Edge To Edge Tempered Glass for Samsung Ga...Pack of 1â‚¹470â‚¹99952% offOnly few leftRESOURIS Back Cover for vivo V50 5G, vivo V50e 5GBlue, Gold, Cases with Holder, Pack of: 1â‚¹372â‚¹99962% offOnly few leftRESOURIS Back Cover for SAMSUNG Galaxy S24 FE 5G, SAMSU...White, Magsafe, Pack of: 1â‚¹376â‚¹99962% offBank OfferRESOURIS Back Cover for REDMI Note 12 Pro+ 5GBlack, Puffer, Silicon, Pack of: 1â‚¹277â‚¹99972% offOnly few leftRESOURIS Back Cover for OPPO F29 Pro, OPPO F29 Pro 5GGreen, Gold, Cases with Holder, Pack of: 1â‚¹367â‚¹99963% offOnly few leftRESOURIS Back Cover for vivo Y58 5G, vivo Y58, vivo T3X...Black, Puffer, Silicon, Pack of: 1â‚¹277â‚¹99972% offOnly few leftRESOURIS Back Cover for realme 8, realme 8 4GBlack, Puffer, Silicon, Pack of: 1â‚¹277â‚¹99972% offOnly few leftvmt stock Tempered Glass Guard for Iphone 15 Tempered G...Pack of 1â‚¹188â‚¹49962% offOnly few leftSARVIN Wall Charger Accessory Combo for LG G8s ThinQWhiteâ‚¹428â‚¹66735% offOnly few leftCASE CREATION Tempered Glass Guard for 7G, Apple iPhone...Pack of 1â‚¹299â‚¹99970% offOnly few leftCASE CREATION Tempered Glass Guard for Apple Iphone 8+Pack of 1â‚¹299â‚¹99970% offOnly few leftCASE CREATION Tempered Glass Guard for Apple iPhone 5, ...Pack of 1â‚¹299â‚¹99970% offOnly few leftCASE CREATION Tempered Glass Guard for Apple iPhone 7+ ...Pack of 1â‚¹299â‚¹99970% offOnly few leftCASE CREATION Tempered Glass Guard for Oppo A5 2020 202...Pack of 1â‚¹299â‚¹59950% offOnly few leftBOMGUARD Front and Back Screen Guard for VIVO Y300 5G W...Pack of 33.7(435)â‚¹179â‚¹89980% offBank OfferSulania 4-in-1 Cable 1 m 5Amp Alloy Charging Cable Fast...Compatible with USB A to lightning,USB C to Lightning , C to C , USB A to C 480 Mbps Speed, Black, Yellow, One Cable4.3(4)â‚¹181â‚¹1,09983% offOnly few leftPage 1 of 1,71912345678910NextDid you find what you were looking for?YesNo",Promotion,Unknown
"FiltersCATEGORIESMobiles & AccessoriesMobilesMobile AccessoriesTablet AccessoriesPrice.......Minâ‚¹250â‚¹1000â‚¹2000â‚¹5000â‚¹10000toâ‚¹250â‚¹1000â‚¹2000â‚¹5000â‚¹10000â‚¹10000+?AvailabilityBrandAppleSpigenSAMSUNGFlipkart SmartBuyNillkinMy Thing!1331 MOREOffersBuy More, Save MoreSpecial PriceNo Cost EMICustomer Ratings4â˜… & above3â˜… & aboveGST Invoice AvailableDiscount",Promotion,Unknown
"FiltersCATEGORIESMobiles & AccessoriesMobilesMobile AccessoriesTablet AccessoriesPrice.......Minâ‚¹250â‚¹1000â‚¹2000â‚¹5000â‚¹10000toâ‚¹250â‚¹1000â‚¹2000â‚¹5000â‚¹10000â‚¹10000+?AvailabilityBrandAppleSpigenSAMSUNGFlipkart SmartBuyNillkinMy Thing!1331 MOREOffersBuy More, Save MoreSpecial PriceNo Cost EMICustomer Ratings4â˜… & above3â˜… & aboveGST Invoice AvailableDiscount",Promotion,Unknown
"FiltersCATEGORIESMobiles & AccessoriesMobilesMobile AccessoriesTablet AccessoriesPrice.......Minâ‚¹250â‚¹1000â‚¹2000â‚¹5000â‚¹10000toâ‚¹250â‚¹1000â‚¹2000â‚¹5000â‚¹10000â‚¹10000+?AvailabilityBrandAppleSpigenSAMSUNGFlipkart SmartBuyNillkinMy Thing!1331 MOREOffersBuy More, Save MoreSpecial PriceNo Cost EMICustomer Ratings4â˜… & above3â˜… & aboveGST Invoice AvailableDiscount",Promotion,Unknown
"FiltersCATEGORIESMobiles & AccessoriesMobilesMobile AccessoriesTablet AccessoriesPrice.......Minâ‚¹250â‚¹1000â‚¹2000â‚¹5000â‚¹10000toâ‚¹250â‚¹1000â‚¹2000â‚¹5000â‚¹10000â‚¹10000+?AvailabilityBrandAppleSpigenSAMSUNGFlipkart SmartBuyNillkinMy Thing!1331 MOREOffersBuy More, Save MoreSpecial PriceNo Cost EMICustomer Ratings4â˜… & above3â˜… & aboveGST Invoice AvailableDiscount",Promotion,Unknown
Offers,Promotion,Unknown
Offers,Promotion,Unknown
Discount,Promotion,Unknown
Discount,Promotion,Unknown
"HomeMobiles & AccessoriesShowing 1 â€“ 40 of 68,723 results for ""offers""Sort ByRelevancePopularityPrice -- Low to HighPrice -- High to LowNewest FirstOTOFLY make it possible' Camera Lens Protector for Ipho...Pack of 13.9(851)â‚¹220â‚¹1,18881% offBank OfferValimai Tempered Glass Guard for realme Pad 10.4 inchPack of 13.9(835)â‚¹258â‚¹99974% offBank OfferHSRPRO Back Cover for LOGO CUT IPHONE 13Green, Electroplated, Pack of: 13.9(1,791)â‚¹245â‚¹99975% offOnly few leftHSRPRO Back Cover for 6D LOGO VIEW ONEPLUS 9RWhite, Gold, Shock Proof, Pack of: 13.6(106)â‚¹229â‚¹99977% offOnly few leftHSRPRO Back Cover for Apple iPhone 14 PLUSBlue, Camera Bump Protector, Pack of: 13.6(58)â‚¹383â‚¹1,99980% offOnly few leftValimai Tempered Glass Guard for realme Pad 10.4 inchPack of 13.9(39)â‚¹238â‚¹99976% offBank OfferHSRPRO Back Cover for Electroplating VIVO Y75 4GGreen, Electroplated, Pack of: 14.6(7)â‚¹229â‚¹99977% offOnly few leftKARWAN Back Cover for APPLE iPhone 14 PlusTransparent, Shock Proof, Pack of: 13.9(533)â‚¹282â‚¹99971% offBank OfferKARWAN Back Cover for Samsung Galaxy A22 5GBlue, Shock Proof, Silicon, Pack of: 14.1(353)â‚¹249â‚¹99975% offOnly 1 leftKARWAN Back Cover for Samsung Galaxy A32White, Silicon, Pack of: 13.7(145)â‚¹257â‚¹99974% offBank OfferMersal Tempered Glass Guard for Lenovo Tab Plus 11.5 in...Pack of 14.1(183)â‚¹243â‚¹99975% offBank OfferMersal Edge To Edge Tempered Glass for APPLE iPad 9th G...Pack of 13.5(27)â‚¹258â‚¹99974% offBank OfferKARWAN Back Cover for APPLE iPhone 11 Pro MaxTransparent, Shock Proof, Pack of: 14.1(252)â‚¹282â‚¹99971% offBank OfferKARWAN Back Cover for Samsung Galaxy A52 5GGreen, Shock Proof, Silicon, Pack of: 13.9(324)â‚¹257â‚¹99974% offOnly 3 leftKARWAN Back Cover for Mi Redmi Note 8Blue, Shock Proof, Silicon, Pack of: 14.1(681)â‚¹268â‚¹99973% offOnly few leftRESOURIS Back Cover for realme 5, realme 5i, realme 5sPink, Gold, Cases with Holder, Pack of: 14.1(64)â‚¹367â‚¹2,49985% offOnly 3 leftMersal Tempered Glass Guard for realme Pad 2 Lite 11.0 ...Pack of 14.3(9)â‚¹241â‚¹99975% offBank OfferRESOURIS Back Cover for vivo V40e 5G, vivo V40ePink, Gold, Cases with Holder, Silicon, Pack of: 14.5(8)â‚¹378â‚¹2,49984% offOnly few leftRESOURIS Back Cover for Vivo Y16, Vivo T2X 5G, vivo Y56...Blue, Gold, Cases with Holder, Pack of: 14.1(63)â‚¹367â‚¹2,49985% offBank OfferRESOURIS Back Cover for SAMSUNG Galaxy A16 5GBlue, Gold, Cases with Holder, Silicon, Pack of: 14.7(13)â‚¹367â‚¹2,49985% offOnly few leftRESOURIS Back Cover for vivo Y39, vivo Y39 5GBlue, Gold, Cases with Holder, Pack of: 14.5(6)â‚¹367â‚¹99963% offOnly few leftCOVER CAPITAL Edge To Edge Tempered Glass for Redmi Not...Pack of 1â‚¹300â‚¹99969% offOnly few leftRESOURIS Back Cover for vivo V40 5GBlue, Gold, Cases with Holder, Pack of: 14.3(6)â‚¹373â‚¹2,49985% offOnly few leftRESOURIS Back Cover for OnePlus 10R 5G, OnePlus 10RPink, Gold, Cases with Holder, Pack of: 14(3)â‚¹367â‚¹2,49985% offOnly few leftBai and kaka Edge To Edge Tempered Glass for Samsung Ga...Pack of 1â‚¹470â‚¹99952% offOnly few leftRESOURIS Back Cover for vivo V50 5G, vivo V50e 5GBlue, Gold, Cases with Holder, Pack of: 1â‚¹372â‚¹99962% offOnly few leftRESOURIS Back Cover for SAMSUNG Galaxy S24 FE 5G, SAMSU...White, Magsafe, Pack of: 1â‚¹376â‚¹99962% offBank OfferRESOURIS Back Cover for REDMI Note 12 Pro+ 5GBlack, Puffer, Silicon, Pack of: 1â‚¹277â‚¹99972% offOnly few leftRESOURIS Back Cover for OPPO F29 Pro, OPPO F29 Pro 5GGreen, Gold, Cases with Holder, Pack of: 1â‚¹367â‚¹99963% offOnly few leftRESOURIS Back Cover for vivo Y58 5G, vivo Y58, vivo T3X...Black, Puffer, Silicon, Pack of: 1â‚¹277â‚¹99972% offOnly few leftRESOURIS Back Cover for realme 8, realme 8 4GBlack, Puffer, Silicon, Pack of: 1â‚¹277â‚¹99972% offOnly few leftvmt stock Tempered Glass Guard for Iphone 15 Tempered G...Pack of 1â‚¹188â‚¹49962% offOnly few leftSARVIN Wall Charger Accessory Combo for LG G8s ThinQWhiteâ‚¹428â‚¹66735% offOnly few leftCASE CREATION Tempered Glass Guard for 7G, Apple iPhone...Pack of 1â‚¹299â‚¹99970% offOnly few leftCASE CREATION Tempered Glass Guard for Apple Iphone 8+Pack of 1â‚¹299â‚¹99970% offOnly few leftCASE CREATION Tempered Glass Guard for Apple iPhone 5, ...Pack of 1â‚¹299â‚¹99970% offOnly few leftCASE CREATION Tempered Glass Guard for Apple iPhone 7+ ...Pack of 1â‚¹299â‚¹99970% offOnly few leftCASE CREATION Tempered Glass Guard for Oppo A5 2020 202...Pack of 1â‚¹299â‚¹59950% offOnly few leftBOMGUARD Front and Back Screen Guard for VIVO Y300 5G W...Pack of 33.7(435)â‚¹179â‚¹89980% offBank OfferSulania 4-in-1 Cable 1 m 5Amp Alloy Charging Cable Fast...Compatible with USB A to lightning,USB C to Lightning , C to C , USB A to C 480 Mbps Speed, Black, Yellow, One Cable4.3(4)â‚¹181â‚¹1,09983% offOnly few leftPage 1 of 1,71912345678910NextDid you find what you were looking for?YesNo",Promotion,Unknown
"HomeMobiles & AccessoriesShowing 1 â€“ 40 of 68,723 results for ""offers""Sort ByRelevancePopularityPrice -- Low to HighPrice -- High to LowNewest First",Promotion,Unknown
"HomeMobiles & AccessoriesShowing 1 â€“ 40 of 68,723 results for ""offers""Sort ByRelevancePopularityPrice -- Low to HighPrice -- High to LowNewest First",Promotion,Unknown
"HomeMobiles & AccessoriesShowing 1 â€“ 40 of 68,723 results for ""offers""Sort ByRelevancePopularityPrice -- Low to HighPrice -- High to LowNewest First",Promotion,Unknown
"OTOFLY make it possible' Camera Lens Protector for Ipho...Pack of 13.9(851)â‚¹220â‚¹1,18881% offBank OfferValimai Tempered Glass Guard for realme Pad 10.4 inchPack of 13.9(835)â‚¹258â‚¹99974% offBank OfferHSRPRO Back Cover for LOGO CUT IPHONE 13Green, Electroplated, Pack of: 13.9(1,791)â‚¹245â‚¹99975% offOnly few leftHSRPRO Back Cover for 6D LOGO VIEW ONEPLUS 9RWhite, Gold, Shock Proof, Pack of: 13.6(106)â‚¹229â‚¹99977% offOnly few left",Promotion,Unknown
"OTOFLY make it possible' Camera Lens Protector for Ipho...Pack of 13.9(851)â‚¹220â‚¹1,18881% offBank OfferValimai Tempered Glass Guard for realme Pad 10.4 inchPack of 13.9(835)â‚¹258â‚¹99974% offBank OfferHSRPRO Back Cover for LOGO CUT IPHONE 13Green, Electroplated, Pack of: 13.9(1,791)â‚¹245â‚¹99975% offOnly few leftHSRPRO Back Cover for 6D LOGO VIEW ONEPLUS 9RWhite, Gold, Shock Proof, Pack of: 13.6(106)â‚¹229â‚¹99977% offOnly few left",Promotion,Unknown
"OTOFLY make it possible' Camera Lens Protector for Ipho...Pack of 13.9(851)â‚¹220â‚¹1,18881% offBank Offer",Promotion,Unknown
"OTOFLY make it possible' Camera Lens Protector for Ipho...Pack of 13.9(851)â‚¹220â‚¹1,18881% offBank Offer",Promotion,Unknown
"â‚¹220â‚¹1,18881% off",Promotion,Unknown
81% off,Promotion,Unknown
Bank Offer,Promotion,Unknown
Bank Offer,Promotion,Unknown
Bank Offer,Promotion,Unknown
Valimai Tempered Glass Guard for realme Pad 10.4 inchPack of 13.9(835)â‚¹258â‚¹99974% offBank Offer,Promotion,Unknown
Valimai Tempered Glass Guard for realme Pad 10.4 inchPack of 13.9(835)â‚¹258â‚¹99974% offBank Offer,Promotion,Unknown
â‚¹258â‚¹99974% off,Promotion,Unknown
74% off,Promotion,Unknown
Bank Offer,Promotion,Unknown
Bank Offer,Promotion,Unknown
Bank Offer,Promotion,Unknown
"HSRPRO Back Cover for LOGO CUT IPHONE 13Green, Electroplated, Pack of: 13.9(1,791)â‚¹245â‚¹99975% offOnly few left",Promotion,Unknown
"HSRPRO Back Cover for LOGO CUT IPHONE 13Green, Electroplated, Pack of: 13.9(1,791)â‚¹245â‚¹99975% offOnly few left",Promotion,Unknown
â‚¹245â‚¹99975% off,Promotion,Unknown
75% off,Promotion,Unknown
"HSRPRO Back Cover for 6D LOGO VIEW ONEPLUS 9RWhite, Gold, Shock Proof, Pack of: 13.6(106)â‚¹229â‚¹99977% offOnly few left",Promotion,Unknown
"HSRPRO Back Cover for 6D LOGO VIEW ONEPLUS 9RWhite, Gold, Shock Proof, Pack of: 13.6(106)â‚¹229â‚¹99977% offOnly few left",Promotion,Unknown
â‚¹229â‚¹99977% off,Promotion,Unknown
77% off,Promotion,Unknown
"HSRPRO Back Cover for Apple iPhone 14 PLUSBlue, Camera Bump Protector, Pack of: 13.6(58)â‚¹383â‚¹1,99980% offOnly few leftValimai Tempered Glass Guard for realme Pad 10.4 inchPack of 13.9(39)â‚¹238â‚¹99976% offBank OfferHSRPRO Back Cover for Electroplating VIVO Y75 4GGreen, Electroplated, Pack of: 14.6(7)â‚¹229â‚¹99977% offOnly few leftKARWAN Back Cover for APPLE iPhone 14 PlusTransparent, Shock Proof, Pack of: 13.9(533)â‚¹282â‚¹99971% offBank Offer",Promotion,Unknown
"HSRPRO Back Cover for Apple iPhone 14 PLUSBlue, Camera Bump Protector, Pack of: 13.6(58)â‚¹383â‚¹1,99980% offOnly few leftValimai Tempered Glass Guard for realme Pad 10.4 inchPack of 13.9(39)â‚¹238â‚¹99976% offBank OfferHSRPRO Back Cover for Electroplating VIVO Y75 4GGreen, Electroplated, Pack of: 14.6(7)â‚¹229â‚¹99977% offOnly few leftKARWAN Back Cover for APPLE iPhone 14 PlusTransparent, Shock Proof, Pack of: 13.9(533)â‚¹282â‚¹99971% offBank Offer",Promotion,Unknown
"HSRPRO Back Cover for Apple iPhone 14 PLUSBlue, Camera Bump Protector, Pack of: 13.6(58)â‚¹383â‚¹1,99980% offOnly few left",Promotion,Unknown
"HSRPRO Back Cover for Apple iPhone 14 PLUSBlue, Camera Bump Protector, Pack of: 13.6(58)â‚¹383â‚¹1,99980% offOnly few left",Promotion,Unknown
"â‚¹383â‚¹1,99980% off",Promotion,Unknown
80% off,Promotion,Unknown
Valimai Tempered Glass Guard for realme Pad 10.4 inchPack of 13.9(39)â‚¹238â‚¹99976% offBank Offer,Promotion,Unknown
Valimai Tempered Glass Guard for realme Pad 10.4 inchPack of 13.9(39)â‚¹238â‚¹99976% offBank Offer,Promotion,Unknown
â‚¹238â‚¹99976% off,Promotion,Unknown
76% off,Promotion,Unknown
Bank Offer,Promotion,Unknown
Bank Offer,Promotion,Unknown
Bank Offer,Promotion,Unknown
"HSRPRO Back Cover for Electroplating VIVO Y75 4GGreen, Electroplated, Pack of: 14.6(7)â‚¹229â‚¹99977% offOnly few left",Promotion,Unknown
"HSRPRO Back Cover for Electroplating VIVO Y75 4GGreen, Electroplated, Pack of: 14.6(7)â‚¹229â‚¹99977% offOnly few left",Promotion,Unknown
â‚¹229â‚¹99977% off,Promotion,Unknown
77% off,Promotion,Unknown
"KARWAN Back Cover for APPLE iPhone 14 PlusTransparent, Shock Proof, Pack of: 13.9(533)â‚¹282â‚¹99971% offBank Offer",Promotion,Unknown
"KARWAN Back Cover for APPLE iPhone 14 PlusTransparent, Shock Proof, Pack of: 13.9(533)â‚¹282â‚¹99971% offBank Offer",Promotion,Unknown
â‚¹282â‚¹99971% off,Promotion,Unknown
71% off,Promotion,Unknown
Bank Offer,Promotion,Unknown
Bank Offer,Promotion,Unknown
Bank Offer,Promotion,Unknown
"KARWAN Back Cover for Samsung Galaxy A22 5GBlue, Shock Proof, Silicon, Pack of: 14.1(353)â‚¹249â‚¹99975% offOnly 1 leftKARWAN Back Cover for Samsung Galaxy A32White, Silicon, Pack of: 13.7(145)â‚¹257â‚¹99974% offBank OfferMersal Tempered Glass Guard for Lenovo Tab Plus 11.5 in...Pack of 14.1(183)â‚¹243â‚¹99975% offBank OfferMersal Edge To Edge Tempered Glass for APPLE iPad 9th G...Pack of 13.5(27)â‚¹258â‚¹99974% offBank Offer",Promotion,Unknown
"KARWAN Back Cover for Samsung Galaxy A22 5GBlue, Shock Proof, Silicon, Pack of: 14.1(353)â‚¹249â‚¹99975% offOnly 1 leftKARWAN Back Cover for Samsung Galaxy A32White, Silicon, Pack of: 13.7(145)â‚¹257â‚¹99974% offBank OfferMersal Tempered Glass Guard for Lenovo Tab Plus 11.5 in...Pack of 14.1(183)â‚¹243â‚¹99975% offBank OfferMersal Edge To Edge Tempered Glass for APPLE iPad 9th G...Pack of 13.5(27)â‚¹258â‚¹99974% offBank Offer",Promotion,Unknown
"KARWAN Back Cover for Samsung Galaxy A22 5GBlue, Shock Proof, Silicon, Pack of: 14.1(353)â‚¹249â‚¹99975% offOnly 1 left",Promotion,Unknown
"KARWAN Back Cover for Samsung Galaxy A22 5GBlue, Shock Proof, Silicon, Pack of: 14.1(353)â‚¹249â‚¹99975% offOnly 1 left",Promotion,Unknown
â‚¹249â‚¹99975% off,Promotion,Unknown
75% off,Promotion,Unknown
"KARWAN Back Cover for Samsung Galaxy A32White, Silicon, Pack of: 13.7(145)â‚¹257â‚¹99974% offBank Offer",Promotion,Unknown
"KARWAN Back Cover for Samsung Galaxy A32White, Silicon, Pack of: 13.7(145)â‚¹257â‚¹99974% offBank Offer",Promotion,Unknown
â‚¹257â‚¹99974% off,Promotion,Unknown
74% off,Promotion,Unknown
Bank Offer,Promotion,Unknown
Bank Offer,Promotion,Unknown
Bank Offer,Promotion,Unknown
Mersal Tempered Glass Guard for Lenovo Tab Plus 11.5 in...Pack of 14.1(183)â‚¹243â‚¹99975% offBank Offer,Promotion,Unknown
Mersal Tempered Glass Guard for Lenovo Tab Plus 11.5 in...Pack of 14.1(183)â‚¹243â‚¹99975% offBank Offer,Promotion,Unknown
â‚¹243â‚¹99975% off,Promotion,Unknown
75% off,Promotion,Unknown
Bank Offer,Promotion,Unknown
Bank Offer,Promotion,Unknown
Bank Offer,Promotion,Unknown
Mersal Edge To Edge Tempered Glass for APPLE iPad 9th G...Pack of 13.5(27)â‚¹258â‚¹99974% offBank Offer,Promotion,Unknown
Mersal Edge To Edge Tempered Glass for APPLE iPad 9th G...Pack of 13.5(27)â‚¹258â‚¹99974% offBank Offer,Promotion,Unknown
â‚¹258â‚¹99974% off,Promotion,Unknown
74% off,Promotion,Unknown
Bank Offer,Promotion,Unknown
Bank Offer,Promotion,Unknown
Bank Offer,Promotion,Unknown
"KARWAN Back Cover for APPLE iPhone 11 Pro MaxTransparent, Shock Proof, Pack of: 14.1(252)â‚¹282â‚¹99971% offBank OfferKARWAN Back Cover for Samsung Galaxy A52 5GGreen, Shock Proof, Silicon, Pack of: 13.9(324)â‚¹257â‚¹99974% offOnly 3 leftKARWAN Back Cover for Mi Redmi Note 8Blue, Shock Proof, Silicon, Pack of: 14.1(681)â‚¹268â‚¹99973% offOnly few leftRESOURIS Back Cover for realme 5, realme 5i, realme 5sPink, Gold, Cases with Holder, Pack of: 14.1(64)â‚¹367â‚¹2,49985% offOnly 3 left",Promotion,Unknown
"KARWAN Back Cover for APPLE iPhone 11 Pro MaxTransparent, Shock Proof, Pack of: 14.1(252)â‚¹282â‚¹99971% offBank OfferKARWAN Back Cover for Samsung Galaxy A52 5GGreen, Shock Proof, Silicon, Pack of: 13.9(324)â‚¹257â‚¹99974% offOnly 3 leftKARWAN Back Cover for Mi Redmi Note 8Blue, Shock Proof, Silicon, Pack of: 14.1(681)â‚¹268â‚¹99973% offOnly few leftRESOURIS Back Cover for realme 5, realme 5i, realme 5sPink, Gold, Cases with Holder, Pack of: 14.1(64)â‚¹367â‚¹2,49985% offOnly 3 left",Promotion,Unknown
"KARWAN Back Cover for APPLE iPhone 11 Pro MaxTransparent, Shock Proof, Pack of: 14.1(252)â‚¹282â‚¹99971% offBank Offer",Promotion,Unknown
"KARWAN Back Cover for APPLE iPhone 11 Pro MaxTransparent, Shock Proof, Pack of: 14.1(252)â‚¹282â‚¹99971% offBank Offer",Promotion,Unknown
â‚¹282â‚¹99971% off,Promotion,Unknown
71% off,Promotion,Unknown
Bank Offer,Promotion,Unknown
Bank Offer,Promotion,Unknown
Bank Offer,Promotion,Unknown
"KARWAN Back Cover for Samsung Galaxy A52 5GGreen, Shock Proof, Silicon, Pack of: 13.9(324)â‚¹257â‚¹99974% offOnly 3 left",Promotion,Unknown
"KARWAN Back Cover for Samsung Galaxy A52 5GGreen, Shock Proof, Silicon, Pack of: 13.9(324)â‚¹257â‚¹99974% offOnly 3 left",Promotion,Unknown
â‚¹257â‚¹99974% off,Promotion,Unknown
74% off,Promotion,Unknown
"KARWAN Back Cover for Mi Redmi Note 8Blue, Shock Proof, Silicon, Pack of: 14.1(681)â‚¹268â‚¹99973% offOnly few left",Promotion,Unknown
"KARWAN Back Cover for Mi Redmi Note 8Blue, Shock Proof, Silicon, Pack of: 14.1(681)â‚¹268â‚¹99973% offOnly few left",Promotion,Unknown
â‚¹268â‚¹99973% off,Promotion,Unknown
73% off,Promotion,Unknown
"RESOURIS Back Cover for realme 5, realme 5i, realme 5sPink, Gold, Cases with Holder, Pack of: 14.1(64)â‚¹367â‚¹2,49985% offOnly 3 left",Promotion,Unknown
"RESOURIS Back Cover for realme 5, realme 5i, realme 5sPink, Gold, Cases with Holder, Pack of: 14.1(64)â‚¹367â‚¹2,49985% offOnly 3 left",Promotion,Unknown
"â‚¹367â‚¹2,49985% off",Promotion,Unknown
85% off,Promotion,Unknown
"Mersal Tempered Glass Guard for realme Pad 2 Lite 11.0 ...Pack of 14.3(9)â‚¹241â‚¹99975% offBank OfferRESOURIS Back Cover for vivo V40e 5G, vivo V40ePink, Gold, Cases with Holder, Silicon, Pack of: 14.5(8)â‚¹378â‚¹2,49984% offOnly few leftRESOURIS Back Cover for Vivo Y16, Vivo T2X 5G, vivo Y56...Blue, Gold, Cases with Holder, Pack of: 14.1(63)â‚¹367â‚¹2,49985% offBank OfferRESOURIS Back Cover for SAMSUNG Galaxy A16 5GBlue, Gold, Cases with Holder, Silicon, Pack of: 14.7(13)â‚¹367â‚¹2,49985% offOnly few left",Promotion,Unknown
"Mersal Tempered Glass Guard for realme Pad 2 Lite 11.0 ...Pack of 14.3(9)â‚¹241â‚¹99975% offBank OfferRESOURIS Back Cover for vivo V40e 5G, vivo V40ePink, Gold, Cases with Holder, Silicon, Pack of: 14.5(8)â‚¹378â‚¹2,49984% offOnly few leftRESOURIS Back Cover for Vivo Y16, Vivo T2X 5G, vivo Y56...Blue, Gold, Cases with Holder, Pack of: 14.1(63)â‚¹367â‚¹2,49985% offBank OfferRESOURIS Back Cover for SAMSUNG Galaxy A16 5GBlue, Gold, Cases with Holder, Silicon, Pack of: 14.7(13)â‚¹367â‚¹2,49985% offOnly few left",Promotion,Unknown
Mersal Tempered Glass Guard for realme Pad 2 Lite 11.0 ...Pack of 14.3(9)â‚¹241â‚¹99975% offBank Offer,Promotion,Unknown
Mersal Tempered Glass Guard for realme Pad 2 Lite 11.0 ...Pack of 14.3(9)â‚¹241â‚¹99975% offBank Offer,Promotion,Unknown
â‚¹241â‚¹99975% off,Promotion,Unknown
75% off,Promotion,Unknown
Bank Offer,Promotion,Unknown
Bank Offer,Promotion,Unknown
Bank Offer,Promotion,Unknown
"RESOURIS Back Cover for vivo V40e 5G, vivo V40ePink, Gold, Cases with Holder, Silicon, Pack of: 14.5(8)â‚¹378â‚¹2,49984% offOnly few left",Promotion,Unknown
"RESOURIS Back Cover for vivo V40e 5G, vivo V40ePink, Gold, Cases with Holder, Silicon, Pack of: 14.5(8)â‚¹378â‚¹2,49984% offOnly few left",Promotion,Unknown
"â‚¹378â‚¹2,49984% off",Promotion,Unknown
84% off,Promotion,Unknown
"RESOURIS Back Cover for Vivo Y16, Vivo T2X 5G, vivo Y56...Blue, Gold, Cases with Holder, Pack of: 14.1(63)â‚¹367â‚¹2,49985% offBank Offer",Promotion,Unknown
"RESOURIS Back Cover for Vivo Y16, Vivo T2X 5G, vivo Y56...Blue, Gold, Cases with Holder, Pack of: 14.1(63)â‚¹367â‚¹2,49985% offBank Offer",Promotion,Unknown
"â‚¹367â‚¹2,49985% off",Promotion,Unknown
85% off,Promotion,Unknown
Bank Offer,Promotion,Unknown
Bank Offer,Promotion,Unknown
Bank Offer,Promotion,Unknown
"RESOURIS Back Cover for SAMSUNG Galaxy A16 5GBlue, Gold, Cases with Holder, Silicon, Pack of: 14.7(13)â‚¹367â‚¹2,49985% offOnly few left",Promotion,Unknown
"RESOURIS Back Cover for SAMSUNG Galaxy A16 5GBlue, Gold, Cases with Holder, Silicon, Pack of: 14.7(13)â‚¹367â‚¹2,49985% offOnly few left",Promotion,Unknown
"â‚¹367â‚¹2,49985% off",Promotion,Unknown
85% off,Promotion,Unknown
"RESOURIS Back Cover for vivo Y39, vivo Y39 5GBlue, Gold, Cases with Holder, Pack of: 14.5(6)â‚¹367â‚¹99963% offOnly few leftCOVER CAPITAL Edge To Edge Tempered Glass for Redmi Not...Pack of 1â‚¹300â‚¹99969% offOnly few leftRESOURIS Back Cover for vivo V40 5GBlue, Gold, Cases with Holder, Pack of: 14.3(6)â‚¹373â‚¹2,49985% offOnly few leftRESOURIS Back Cover for OnePlus 10R 5G, OnePlus 10RPink, Gold, Cases with Holder, Pack of: 14(3)â‚¹367â‚¹2,49985% offOnly few left",Promotion,Unknown
"RESOURIS Back Cover for vivo Y39, vivo Y39 5GBlue, Gold, Cases with Holder, Pack of: 14.5(6)â‚¹367â‚¹99963% offOnly few leftCOVER CAPITAL Edge To Edge Tempered Glass for Redmi Not...Pack of 1â‚¹300â‚¹99969% offOnly few leftRESOURIS Back Cover for vivo V40 5GBlue, Gold, Cases with Holder, Pack of: 14.3(6)â‚¹373â‚¹2,49985% offOnly few leftRESOURIS Back Cover for OnePlus 10R 5G, OnePlus 10RPink, Gold, Cases with Holder, Pack of: 14(3)â‚¹367â‚¹2,49985% offOnly few left",Promotion,Unknown
"RESOURIS Back Cover for vivo Y39, vivo Y39 5GBlue, Gold, Cases with Holder, Pack of: 14.5(6)â‚¹367â‚¹99963% offOnly few left",Promotion,Unknown
"RESOURIS Back Cover for vivo Y39, vivo Y39 5GBlue, Gold, Cases with Holder, Pack of: 14.5(6)â‚¹367â‚¹99963% offOnly few left",Promotion,Unknown
â‚¹367â‚¹99963% off,Promotion,Unknown
63% off,Promotion,Unknown
COVER CAPITAL Edge To Edge Tempered Glass for Redmi Not...Pack of 1â‚¹300â‚¹99969% offOnly few left,Promotion,Unknown
COVER CAPITAL Edge To Edge Tempered Glass for Redmi Not...Pack of 1â‚¹300â‚¹99969% offOnly few left,Promotion,Unknown
â‚¹300â‚¹99969% off,Promotion,Unknown
69% off,Promotion,Unknown
"RESOURIS Back Cover for vivo V40 5GBlue, Gold, Cases with Holder, Pack of: 14.3(6)â‚¹373â‚¹2,49985% offOnly few left",Promotion,Unknown
"RESOURIS Back Cover for vivo V40 5GBlue, Gold, Cases with Holder, Pack of: 14.3(6)â‚¹373â‚¹2,49985% offOnly few left",Promotion,Unknown
"â‚¹373â‚¹2,49985% off",Promotion,Unknown
85% off,Promotion,Unknown
"RESOURIS Back Cover for OnePlus 10R 5G, OnePlus 10RPink, Gold, Cases with Holder, Pack of: 14(3)â‚¹367â‚¹2,49985% offOnly few left",Promotion,Unknown
"RESOURIS Back Cover for OnePlus 10R 5G, OnePlus 10RPink, Gold, Cases with Holder, Pack of: 14(3)â‚¹367â‚¹2,49985% offOnly few left",Promotion,Unknown
"â‚¹367â‚¹2,49985% off",Promotion,Unknown
85% off,Promotion,Unknown
"Bai and kaka Edge To Edge Tempered Glass for Samsung Ga...Pack of 1â‚¹470â‚¹99952% offOnly few leftRESOURIS Back Cover for vivo V50 5G, vivo V50e 5GBlue, Gold, Cases with Holder, Pack of: 1â‚¹372â‚¹99962% offOnly few leftRESOURIS Back Cover for SAMSUNG Galaxy S24 FE 5G, SAMSU...White, Magsafe, Pack of: 1â‚¹376â‚¹99962% offBank OfferRESOURIS Back Cover for REDMI Note 12 Pro+ 5GBlack, Puffer, Silicon, Pack of: 1â‚¹277â‚¹99972% offOnly few left",Promotion,Unknown
"Bai and kaka Edge To Edge Tempered Glass for Samsung Ga...Pack of 1â‚¹470â‚¹99952% offOnly few leftRESOURIS Back Cover for vivo V50 5G, vivo V50e 5GBlue, Gold, Cases with Holder, Pack of: 1â‚¹372â‚¹99962% offOnly few leftRESOURIS Back Cover for SAMSUNG Galaxy S24 FE 5G, SAMSU...White, Magsafe, Pack of: 1â‚¹376â‚¹99962% offBank OfferRESOURIS Back Cover for REDMI Note 12 Pro+ 5GBlack, Puffer, Silicon, Pack of: 1â‚¹277â‚¹99972% offOnly few left",Promotion,Unknown
Bai and kaka Edge To Edge Tempered Glass for Samsung Ga...Pack of 1â‚¹470â‚¹99952% offOnly few left,Promotion,Unknown
Bai and kaka Edge To Edge Tempered Glass for Samsung Ga...Pack of 1â‚¹470â‚¹99952% offOnly few left,Promotion,Unknown
â‚¹470â‚¹99952% off,Promotion,Unknown
52% off,Promotion,Unknown
"RESOURIS Back Cover for vivo V50 5G, vivo V50e 5GBlue, Gold, Cases with Holder, Pack of: 1â‚¹372â‚¹99962% offOnly few left",Promotion,Unknown
"RESOURIS Back Cover for vivo V50 5G, vivo V50e 5GBlue, Gold, Cases with Holder, Pack of: 1â‚¹372â‚¹99962% offOnly few left",Promotion,Unknown
â‚¹372â‚¹99962% off,Promotion,Unknown
62% off,Promotion,Unknown
"RESOURIS Back Cover for SAMSUNG Galaxy S24 FE 5G, SAMSU...White, Magsafe, Pack of: 1â‚¹376â‚¹99962% offBank Offer",Promotion,Unknown
"RESOURIS Back Cover for SAMSUNG Galaxy S24 FE 5G, SAMSU...White, Magsafe, Pack of: 1â‚¹376â‚¹99962% offBank Offer",Promotion,Unknown
â‚¹376â‚¹99962% off,Promotion,Unknown
62% off,Promotion,Unknown
Bank Offer,Promotion,Unknown
Bank Offer,Promotion,Unknown
Bank Offer,Promotion,Unknown
"RESOURIS Back Cover for REDMI Note 12 Pro+ 5GBlack, Puffer, Silicon, Pack of: 1â‚¹277â‚¹99972% offOnly few left",Promotion,Unknown
"RESOURIS Back Cover for REDMI Note 12 Pro+ 5GBlack, Puffer, Silicon, Pack of: 1â‚¹277â‚¹99972% offOnly few left",Promotion,Unknown
â‚¹277â‚¹99972% off,Promotion,Unknown
72% off,Promotion,Unknown
"RESOURIS Back Cover for OPPO F29 Pro, OPPO F29 Pro 5GGreen, Gold, Cases with Holder, Pack of: 1â‚¹367â‚¹99963% offOnly few leftRESOURIS Back Cover for vivo Y58 5G, vivo Y58, vivo T3X...Black, Puffer, Silicon, Pack of: 1â‚¹277â‚¹99972% offOnly few leftRESOURIS Back Cover for realme 8, realme 8 4GBlack, Puffer, Silicon, Pack of: 1â‚¹277â‚¹99972% offOnly few leftvmt stock Tempered Glass Guard for Iphone 15 Tempered G...Pack of 1â‚¹188â‚¹49962% offOnly few left",Promotion,Unknown
"RESOURIS Back Cover for OPPO F29 Pro, OPPO F29 Pro 5GGreen, Gold, Cases with Holder, Pack of: 1â‚¹367â‚¹99963% offOnly few leftRESOURIS Back Cover for vivo Y58 5G, vivo Y58, vivo T3X...Black, Puffer, Silicon, Pack of: 1â‚¹277â‚¹99972% offOnly few leftRESOURIS Back Cover for realme 8, realme 8 4GBlack, Puffer, Silicon, Pack of: 1â‚¹277â‚¹99972% offOnly few leftvmt stock Tempered Glass Guard for Iphone 15 Tempered G...Pack of 1â‚¹188â‚¹49962% offOnly few left",Promotion,Unknown
"RESOURIS Back Cover for OPPO F29 Pro, OPPO F29 Pro 5GGreen, Gold, Cases with Holder, Pack of: 1â‚¹367â‚¹99963% offOnly few left",Promotion,Unknown
"RESOURIS Back Cover for OPPO F29 Pro, OPPO F29 Pro 5GGreen, Gold, Cases with Holder, Pack of: 1â‚¹367â‚¹99963% offOnly few left",Promotion,Unknown
â‚¹367â‚¹99963% off,Promotion,Unknown
63% off,Promotion,Unknown
"RESOURIS Back Cover for vivo Y58 5G, vivo Y58, vivo T3X...Black, Puffer, Silicon, Pack of: 1â‚¹277â‚¹99972% offOnly few left",Promotion,Unknown
"RESOURIS Back Cover for vivo Y58 5G, vivo Y58, vivo T3X...Black, Puffer, Silicon, Pack of: 1â‚¹277â‚¹99972% offOnly few left",Promotion,Unknown
â‚¹277â‚¹99972% off,Promotion,Unknown
72% off,Promotion,Unknown
"RESOURIS Back Cover for realme 8, realme 8 4GBlack, Puffer, Silicon, Pack of: 1â‚¹277â‚¹99972% offOnly few left",Promotion,Unknown
"RESOURIS Back Cover for realme 8, realme 8 4GBlack, Puffer, Silicon, Pack of: 1â‚¹277â‚¹99972% offOnly few left",Promotion,Unknown
â‚¹277â‚¹99972% off,Promotion,Unknown
72% off,Promotion,Unknown
vmt stock Tempered Glass Guard for Iphone 15 Tempered G...Pack of 1â‚¹188â‚¹49962% offOnly few left,Promotion,Unknown
vmt stock Tempered Glass Guard for Iphone 15 Tempered G...Pack of 1â‚¹188â‚¹49962% offOnly few left,Promotion,Unknown
â‚¹188â‚¹49962% off,Promotion,Unknown
62% off,Promotion,Unknown
"SARVIN Wall Charger Accessory Combo for LG G8s ThinQWhiteâ‚¹428â‚¹66735% offOnly few leftCASE CREATION Tempered Glass Guard for 7G, Apple iPhone...Pack of 1â‚¹299â‚¹99970% offOnly few leftCASE CREATION Tempered Glass Guard for Apple Iphone 8+Pack of 1â‚¹299â‚¹99970% offOnly few leftCASE CREATION Tempered Glass Guard for Apple iPhone 5, ...Pack of 1â‚¹299â‚¹99970% offOnly few left",Promotion,Unknown
"SARVIN Wall Charger Accessory Combo for LG G8s ThinQWhiteâ‚¹428â‚¹66735% offOnly few leftCASE CREATION Tempered Glass Guard for 7G, Apple iPhone...Pack of 1â‚¹299â‚¹99970% offOnly few leftCASE CREATION Tempered Glass Guard for Apple Iphone 8+Pack of 1â‚¹299â‚¹99970% offOnly few leftCASE CREATION Tempered Glass Guard for Apple iPhone 5, ...Pack of 1â‚¹299â‚¹99970% offOnly few left",Promotion,Unknown
SARVIN Wall Charger Accessory Combo for LG G8s ThinQWhiteâ‚¹428â‚¹66735% offOnly few left,Promotion,Unknown
SARVIN Wall Charger Accessory Combo for LG G8s ThinQWhiteâ‚¹428â‚¹66735% offOnly few left,Promotion,Unknown
â‚¹428â‚¹66735% off,Promotion,Unknown
35% off,Promotion,Unknown
"CASE CREATION Tempered Glass Guard for 7G, Apple iPhone...Pack of 1â‚¹299â‚¹99970% offOnly few left",Promotion,Unknown
"CASE CREATION Tempered Glass Guard for 7G, Apple iPhone...Pack of 1â‚¹299â‚¹99970% offOnly few left",Promotion,Unknown
â‚¹299â‚¹99970% off,Promotion,Unknown
70% off,Promotion,Unknown
CASE CREATION Tempered Glass Guard for Apple Iphone 8+Pack of 1â‚¹299â‚¹99970% offOnly few left,Promotion,Unknown
CASE CREATION Tempered Glass Guard for Apple Iphone 8+Pack of 1â‚¹299â‚¹99970% offOnly few left,Promotion,Unknown
â‚¹299â‚¹99970% off,Promotion,Unknown
70% off,Promotion,Unknown
"CASE CREATION Tempered Glass Guard for Apple iPhone 5, ...Pack of 1â‚¹299â‚¹99970% offOnly few left",Promotion,Unknown
"CASE CREATION Tempered Glass Guard for Apple iPhone 5, ...Pack of 1â‚¹299â‚¹99970% offOnly few left",Promotion,Unknown
â‚¹299â‚¹99970% off,Promotion,Unknown
70% off,Promotion,Unknown
"CASE CREATION Tempered Glass Guard for Apple iPhone 7+ ...Pack of 1â‚¹299â‚¹99970% offOnly few leftCASE CREATION Tempered Glass Guard for Oppo A5 2020 202...Pack of 1â‚¹299â‚¹59950% offOnly few leftBOMGUARD Front and Back Screen Guard for VIVO Y300 5G W...Pack of 33.7(435)â‚¹179â‚¹89980% offBank OfferSulania 4-in-1 Cable 1 m 5Amp Alloy Charging Cable Fast...Compatible with USB A to lightning,USB C to Lightning , C to C , USB A to C 480 Mbps Speed, Black, Yellow, One Cable4.3(4)â‚¹181â‚¹1,09983% offOnly few left",Promotion,Unknown
"CASE CREATION Tempered Glass Guard for Apple iPhone 7+ ...Pack of 1â‚¹299â‚¹99970% offOnly few leftCASE CREATION Tempered Glass Guard for Oppo A5 2020 202...Pack of 1â‚¹299â‚¹59950% offOnly few leftBOMGUARD Front and Back Screen Guard for VIVO Y300 5G W...Pack of 33.7(435)â‚¹179â‚¹89980% offBank OfferSulania 4-in-1 Cable 1 m 5Amp Alloy Charging Cable Fast...Compatible with USB A to lightning,USB C to Lightning , C to C , USB A to C 480 Mbps Speed, Black, Yellow, One Cable4.3(4)â‚¹181â‚¹1,09983% offOnly few left",Promotion,Unknown
CASE CREATION Tempered Glass Guard for Apple iPhone 7+ ...Pack of 1â‚¹299â‚¹99970% offOnly few left,Promotion,Unknown
CASE CREATION Tempered Glass Guard for Apple iPhone 7+ ...Pack of 1â‚¹299â‚¹99970% offOnly few left,Promotion,Unknown
â‚¹299â‚¹99970% off,Promotion,Unknown
70% off,Promotion,Unknown
CASE CREATION Tempered Glass Guard for Oppo A5 2020 202...Pack of 1â‚¹299â‚¹59950% offOnly few left,Promotion,Unknown
CASE CREATION Tempered Glass Guard for Oppo A5 2020 202...Pack of 1â‚¹299â‚¹59950% offOnly few left,Promotion,Unknown
â‚¹299â‚¹59950% off,Promotion,Unknown
50% off,Promotion,Unknown
BOMGUARD Front and Back Screen Guard for VIVO Y300 5G W...Pack of 33.7(435)â‚¹179â‚¹89980% offBank Offer,Promotion,Unknown
BOMGUARD Front and Back Screen Guard for VIVO Y300 5G W...Pack of 33.7(435)â‚¹179â‚¹89980% offBank Offer,Promotion,Unknown
â‚¹179â‚¹89980% off,Promotion,Unknown
80% off,Promotion,Unknown
Bank Offer,Promotion,Unknown
Bank Offer,Promotion,Unknown
Bank Offer,Promotion,Unknown
"Sulania 4-in-1 Cable 1 m 5Amp Alloy Charging Cable Fast...Compatible with USB A to lightning,USB C to Lightning , C to C , USB A to C 480 Mbps Speed, Black, Yellow, One Cable4.3(4)â‚¹181â‚¹1,09983% offOnly few left",Promotion,Unknown
"Sulania 4-in-1 Cable 1 m 5Amp Alloy Charging Cable Fast...Compatible with USB A to lightning,USB C to Lightning , C to C , USB A to C 480 Mbps Speed, Black, Yellow, One Cable4.3(4)â‚¹181â‚¹1,09983% offOnly few left",Promotion,Unknown
"â‚¹181â‚¹1,09983% off",Promotion,Unknown
83% off,Promotion,Unknown
"Reviews for Popular Mobiles & Accessories1. RESOURIS Back Cover for viv...4.56 Ratings&1 Reviewsâ‚¹36763% offSuitable For: MobileMaterial: PolycarbonateTheme: No ThemeMost Helpful Review4Value-for-moneyGoodRead full reviewBishnu PrasadCertified Buyer1 month agoRecent Review4Value-for-moneyGoodRead full reviewBishnu PrasadCertified Buyer1 month ago2. HSRPRO Back Cover for Apple...3.658 Ratings&2 Reviewsâ‚¹38380% offSuitable For: MobileMaterial: PolycarbonateTheme: No ThemeMost Helpful Review5Best in the market!Excellent nice qualityRead full reviewBammidi DhileepCertified BuyerDec, 2023Recent Review5Best in the market!Excellent nice qualityRead full reviewBammidi DhileepCertified BuyerDec, 20233. KARWAN Back Cover for Samsu...4.1353 Ratings&24 Reviewsâ‚¹24975% offSuitable For: MobileMaterial: SiliconTheme: No ThemeMost Helpful Review3Just okayThe quality of the cover is very poor.Back cover rate is very high.Read full reviewVIVEK  BHARTICertified BuyerFeb, 2023Recent Review5Perfect product!Super color with black and gold edges ðŸ‘ŒRead full reviewRadha KrishnanCertified Buyer2 months ago4. OTOFLY make it possible' Ca...3.9851 Ratings&31 Reviewsâ‚¹22081% offAir-bubble Proof, Anti Bacterial, Anti Fingerprint, Anti Glare, Anti Reflection, Scratch ResistantMobileCamera Lens ProtectorMost Helpful Review1Useless productWaste product , prone to scratchesRead full reviewdhivaghar rgCertified Buyer4 days agoRecent Review1Useless productWaste product , prone to scratchesRead full reviewdhivaghar rgCertified Buyer4 days ago5. HSRPRO Back Cover for LOGO ...3.91,791 Ratings&125 Reviewsâ‚¹24575% offSuitable For: MobileMaterial: PolycarbonateTheme: No ThemeMost Helpful Review4Good choiceLittle, slight loose and feels delicate while holding the iPhone. Its nor hard solid polycarbonate plastic, but a soft and flexible one. The protecting glass...Read full reviewDicky MohantyCertified BuyerNov, 2022Recent Review5TerrificSuper quality excellent colour..Read full reviewChintan PatidarCertified Buyer8 months ago",Promotion,Unknown
"Reviews for Popular Mobiles & Accessories1. RESOURIS Back Cover for viv...4.56 Ratings&1 Reviewsâ‚¹36763% offSuitable For: MobileMaterial: PolycarbonateTheme: No ThemeMost Helpful Review4Value-for-moneyGoodRead full reviewBishnu PrasadCertified Buyer1 month agoRecent Review4Value-for-moneyGoodRead full reviewBishnu PrasadCertified Buyer1 month ago2. HSRPRO Back Cover for Apple...3.658 Ratings&2 Reviewsâ‚¹38380% offSuitable For: MobileMaterial: PolycarbonateTheme: No ThemeMost Helpful Review5Best in the market!Excellent nice qualityRead full reviewBammidi DhileepCertified BuyerDec, 2023Recent Review5Best in the market!Excellent nice qualityRead full reviewBammidi DhileepCertified BuyerDec, 20233. KARWAN Back Cover for Samsu...4.1353 Ratings&24 Reviewsâ‚¹24975% offSuitable For: MobileMaterial: SiliconTheme: No ThemeMost Helpful Review3Just okayThe quality of the cover is very poor.Back cover rate is very high.Read full reviewVIVEK  BHARTICertified BuyerFeb, 2023Recent Review5Perfect product!Super color with black and gold edges ðŸ‘ŒRead full reviewRadha KrishnanCertified Buyer2 months ago4. OTOFLY make it possible' Ca...3.9851 Ratings&31 Reviewsâ‚¹22081% offAir-bubble Proof, Anti Bacterial, Anti Fingerprint, Anti Glare, Anti Reflection, Scratch ResistantMobileCamera Lens ProtectorMost Helpful Review1Useless productWaste product , prone to scratchesRead full reviewdhivaghar rgCertified Buyer4 days agoRecent Review1Useless productWaste product , prone to scratchesRead full reviewdhivaghar rgCertified Buyer4 days ago5. HSRPRO Back Cover for LOGO ...3.91,791 Ratings&125 Reviewsâ‚¹24575% offSuitable For: MobileMaterial: PolycarbonateTheme: No ThemeMost Helpful Review4Good choiceLittle, slight loose and feels delicate while holding the iPhone. Its nor hard solid polycarbonate plastic, but a soft and flexible one. The protecting glass...Read full reviewDicky MohantyCertified BuyerNov, 2022Recent Review5TerrificSuper quality excellent colour..Read full reviewChintan PatidarCertified Buyer8 months ago",Promotion,Unknown
1. RESOURIS Back Cover for viv...4.56 Ratings&1 Reviewsâ‚¹36763% offSuitable For: MobileMaterial: PolycarbonateTheme: No ThemeMost Helpful Review4Value-for-moneyGoodRead full reviewBishnu PrasadCertified Buyer1 month agoRecent Review4Value-for-moneyGoodRead full reviewBishnu PrasadCertified Buyer1 month ago,Promotion,Unknown
1. RESOURIS Back Cover for viv...4.56 Ratings&1 Reviewsâ‚¹36763% offSuitable For: MobileMaterial: PolycarbonateTheme: No Theme,Promotion,Unknown
1. RESOURIS Back Cover for viv...4.56 Ratings&1 Reviewsâ‚¹36763% offSuitable For: MobileMaterial: PolycarbonateTheme: No Theme,Promotion,Unknown
â‚¹36763% off,Promotion,Unknown
â‚¹36763% off,Promotion,Unknown
63% off,Promotion,Unknown
"2. HSRPRO Back Cover for Apple...3.658 Ratings&2 Reviewsâ‚¹38380% offSuitable For: MobileMaterial: PolycarbonateTheme: No ThemeMost Helpful Review5Best in the market!Excellent nice qualityRead full reviewBammidi DhileepCertified BuyerDec, 2023Recent Review5Best in the market!Excellent nice qualityRead full reviewBammidi DhileepCertified BuyerDec, 2023",Promotion,Unknown
2. HSRPRO Back Cover for Apple...3.658 Ratings&2 Reviewsâ‚¹38380% offSuitable For: MobileMaterial: PolycarbonateTheme: No Theme,Promotion,Unknown
2. HSRPRO Back Cover for Apple...3.658 Ratings&2 Reviewsâ‚¹38380% offSuitable For: MobileMaterial: PolycarbonateTheme: No Theme,Promotion,Unknown
â‚¹38380% off,Promotion,Unknown
â‚¹38380% off,Promotion,Unknown
80% off,Promotion,Unknown
"3. KARWAN Back Cover for Samsu...4.1353 Ratings&24 Reviewsâ‚¹24975% offSuitable For: MobileMaterial: SiliconTheme: No ThemeMost Helpful Review3Just okayThe quality of the cover is very poor.Back cover rate is very high.Read full reviewVIVEK  BHARTICertified BuyerFeb, 2023Recent Review5Perfect product!Super color with black and gold edges ðŸ‘ŒRead full reviewRadha KrishnanCertified Buyer2 months ago",Promotion,Unknown
3. KARWAN Back Cover for Samsu...4.1353 Ratings&24 Reviewsâ‚¹24975% offSuitable For: MobileMaterial: SiliconTheme: No Theme,Promotion,Unknown
3. KARWAN Back Cover for Samsu...4.1353 Ratings&24 Reviewsâ‚¹24975% offSuitable For: MobileMaterial: SiliconTheme: No Theme,Promotion,Unknown
â‚¹24975% off,Promotion,Unknown
â‚¹24975% off,Promotion,Unknown
75% off,Promotion,Unknown
"4. OTOFLY make it possible' Ca...3.9851 Ratings&31 Reviewsâ‚¹22081% offAir-bubble Proof, Anti Bacterial, Anti Fingerprint, Anti Glare, Anti Reflection, Scratch ResistantMobileCamera Lens ProtectorMost Helpful Review1Useless productWaste product , prone to scratchesRead full reviewdhivaghar rgCertified Buyer4 days agoRecent Review1Useless productWaste product , prone to scratchesRead full reviewdhivaghar rgCertified Buyer4 days ago",Promotion,Unknown
"4. OTOFLY make it possible' Ca...3.9851 Ratings&31 Reviewsâ‚¹22081% offAir-bubble Proof, Anti Bacterial, Anti Fingerprint, Anti Glare, Anti Reflection, Scratch ResistantMobileCamera Lens Protector",Promotion,Unknown
"4. OTOFLY make it possible' Ca...3.9851 Ratings&31 Reviewsâ‚¹22081% offAir-bubble Proof, Anti Bacterial, Anti Fingerprint, Anti Glare, Anti Reflection, Scratch ResistantMobileCamera Lens Protector",Promotion,Unknown
â‚¹22081% off,Promotion,Unknown
â‚¹22081% off,Promotion,Unknown
81% off,Promotion,Unknown
"5. HSRPRO Back Cover for LOGO ...3.91,791 Ratings&125 Reviewsâ‚¹24575% offSuitable For: MobileMaterial: PolycarbonateTheme: No ThemeMost Helpful Review4Good choiceLittle, slight loose and feels delicate while holding the iPhone. Its nor hard solid polycarbonate plastic, but a soft and flexible one. The protecting glass...Read full reviewDicky MohantyCertified BuyerNov, 2022Recent Review5TerrificSuper quality excellent colour..Read full reviewChintan PatidarCertified Buyer8 months ago",Promotion,Unknown
"5. HSRPRO Back Cover for LOGO ...3.91,791 Ratings&125 Reviewsâ‚¹24575% offSuitable For: MobileMaterial: PolycarbonateTheme: No Theme",Promotion,Unknown
"5. HSRPRO Back Cover for LOGO ...3.91,791 Ratings&125 Reviewsâ‚¹24575% offSuitable For: MobileMaterial: PolycarbonateTheme: No Theme",Promotion,Unknown
â‚¹24575% off,Promotion,Unknown
â‚¹24575% off,Promotion,Unknown
75% off,Promotion,Unknown
"ABOUTContact UsAbout UsCareersFlipkart StoriesPressCorporate InformationGROUP COMPANIESMyntraCleartripShopsyHELPPaymentsShippingCancellation & ReturnsFAQCONSUMER POLICYCancellation & ReturnsTerms Of UseSecurityPrivacySitemapGrievance RedressalEPR ComplianceMail Us:Flipkart Internet Private Limited,Buildings Alyssa, Begonia &Clove Embassy Tech Village,Outer Ring Road, Devarabeesanahalli Village,Bengaluru, 560103,Karnataka, IndiaSocialRegistered Office Address:Flipkart Internet Private Limited,Buildings Alyssa, Begonia &Clove Embassy Tech Village,Outer Ring Road, Devarabeesanahalli Village,Bengaluru, 560103,Karnataka, IndiaCIN : U51109KA2012PTC066107Telephone:044-45614700/044-67415800Become a SellerAdvertiseGift CardsHelp CenterÂ© 2007-2025Flipkart.com",Promotion,Unknown
"ABOUTContact UsAbout UsCareersFlipkart StoriesPressCorporate InformationGROUP COMPANIESMyntraCleartripShopsyHELPPaymentsShippingCancellation & ReturnsFAQCONSUMER POLICYCancellation & ReturnsTerms Of UseSecurityPrivacySitemapGrievance RedressalEPR ComplianceMail Us:Flipkart Internet Private Limited,Buildings Alyssa, Begonia &Clove Embassy Tech Village,Outer Ring Road, Devarabeesanahalli Village,Bengaluru, 560103,Karnataka, IndiaSocialRegistered Office Address:Flipkart Internet Private Limited,Buildings Alyssa, Begonia &Clove Embassy Tech Village,Outer Ring Road, Devarabeesanahalli Village,Bengaluru, 560103,Karnataka, IndiaCIN : U51109KA2012PTC066107Telephone:044-45614700/044-67415800Become a SellerAdvertiseGift CardsHelp CenterÂ© 2007-2025Flipkart.com",Promotion,Unknown
"ABOUTContact UsAbout UsCareersFlipkart StoriesPressCorporate InformationGROUP COMPANIESMyntraCleartripShopsyHELPPaymentsShippingCancellation & ReturnsFAQCONSUMER POLICYCancellation & ReturnsTerms Of UseSecurityPrivacySitemapGrievance RedressalEPR ComplianceMail Us:Flipkart Internet Private Limited,Buildings Alyssa, Begonia &Clove Embassy Tech Village,Outer Ring Road, Devarabeesanahalli Village,Bengaluru, 560103,Karnataka, IndiaSocialRegistered Office Address:Flipkart Internet Private Limited,Buildings Alyssa, Begonia &Clove Embassy Tech Village,Outer Ring Road, Devarabeesanahalli Village,Bengaluru, 560103,Karnataka, IndiaCIN : U51109KA2012PTC066107Telephone:044-45614700/044-67415800",Promotion,Unknown
CONSUMER POLICYCancellation & ReturnsTerms Of UseSecurityPrivacySitemapGrievance RedressalEPR Compliance,Promotion,Unknown
This is a product description.,Non-Promotion,synthetic
Customer reviews are available below.,Non-Promotion,synthetic
Free shipping on all orders.,Non-Promotion,synthetic
Check product specifications here.,Non-Promotion,synthetic
Items in your cart are saved.,Non-Promotion,synthetic
This item is currently out of stock.,Non-Promotion,synthetic
Please read the return policy.,Non-Promotion,synthetic
Add to wishlist for later.,Non-Promotion,synthetic
